<?xml version="1.0" encoding="UTF-8" ?>
<!--
 Licensed to the Apache Software Foundation (ASF) under one or more
 contributor license agreements.  See the NOTICE file distributed with
 this work for additional information regarding copyright ownership.
 The ASF licenses this file to You under the Apache License, Version 2.0
 (the "License"); you may not use this file except in compliance with
 the License.  You may obtain a copy of the License at

     http://www.apache.org/licenses/LICENSE-2.0

 Unless required by applicable law or agreed to in writing, software
 distributed under the License is distributed on an "AS IS" BASIS,
 WITHOUT WARRANTIES OR CONDITIONS OF ANY KIND, either express or implied.
 See the License for the specific language governing permissions and
 limitations under the License.
-->

<!--
 This is a stripped down config file used for a simple example...  
 It is *not* a good example to work from. 
-->
<config>
  <luceneMatchVersion>4.10.1</luceneMatchVersion>
  <!--  The DirectoryFactory to use for indexes.
        solr.StandardDirectoryFactory, the default, is filesystem based.
        solr.RAMDirectoryFactory is memory based, not persistent, and doesn't work with replication. -->
  <directoryFactory name="DirectoryFactory" class="${solr.directoryFactory:solr.StandardDirectoryFactory}"/>

  <dataDir>${solr.core0.data.dir:}</dataDir>

  <!-- To enable dynamic schema REST APIs, use the following for <schemaFactory>:
  
       <schemaFactory class="ManagedIndexSchemaFactory">
         <bool name="mutable">true</bool>
         <str name="managedSchemaResourceName">managed-schema</str>
       </schemaFactory>
       
       When ManagedIndexSchemaFactory is specified, Solr will load the schema from
       he resource named in 'managedSchemaResourceName', rather than from schema.xml.
       Note that the managed schema resource CANNOT be named schema.xml.  If the managed
       schema does not exist, Solr will create it after reading schema.xml, then rename
       'schema.xml' to 'schema.xml.bak'. 
       
       Do NOT hand edit the managed schema - external modifications will be ignored and
       overwritten as a result of schema modification REST API calls.

       When ManagedIndexSchemaFactory is specified with mutable = true, schema
       modification REST API calls will be allowed; otherwise, error responses will be
       sent back for these requests. 
  -->
  <schemaFactory class="ClassicIndexSchemaFactory"/>

  <updateHandler class="solr.DirectUpdateHandler2">
    <updateLog>
      <str name="dir">${solr.core0.data.dir:}</str>
    </updateLog>
  </updateHandler>

  <!-- realtime get handler, guaranteed to return the latest stored fields 
    of any document, without the need to commit or open a new searcher. The current 
    implementation relies on the updateLog feature being enabled. -->
  <requestHandler name="/get" class="solr.RealTimeGetHandler">
    <lst name="defaults">
      <str name="omitHeader">true</str>
    </lst>
  </requestHandler>  
  
  <requestHandler name="/replication" class="solr.ReplicationHandler" startup="lazy" /> 

  <requestDispatcher handleSelect="true" >
    <requestParsers enableRemoteStreaming="false" multipartUploadLimitInKB="2048" formdataUploadLimitInKB="2048" />
  </requestDispatcher>
  
  <requestHandler name="standard" class="solr.StandardRequestHandler" default="true" />
  <requestHandler name="/analysis/field" startup="lazy" class="solr.FieldAnalysisRequestHandler" />
  <requestHandler name="/update" class="solr.UpdateRequestHandler"  />
  <requestHandler name="/admin/" class="org.apache.solr.handler.admin.AdminHandlers" />
     
  <requestHandler name="/admin/ping" class="solr.PingRequestHandler">
    <lst name="invariants">
      <str name="q">solrpingquery</str>
    </lst>
    <lst name="defaults">
      <str name="echoParams">all</str>
    </lst>
  </requestHandler>
   
  <!-- config for the admin interface --> 
  <admin>
    <defaultQuery>solr</defaultQuery>
  </admin>

</config>

