<!--
 Licensed to the Apache Software Foundation (ASF) under one or more
 contributor license agreements.  See the NOTICE file distributed with
 this work for additional information regarding copyright ownership.
 The ASF licenses this file to You under the Apache License, Version 2.0
 (the "License"); you may not use this file except in compliance with
 the License.  You may obtain a copy of the License at

     http://www.apache.org/licenses/LICENSE-2.0

 Unless required by applicable law or agreed to in writing, software
 distributed under the License is distributed on an "AS IS" BASIS,
 WITHOUT WARRANTIES OR CONDITIONS OF ANY KIND, either express or implied.
 See the License for the specific language governing permissions and
 limitations under the License.
-->

<add><doc>
  <field name="id">3007WFP</field>
  <field name="name">Dell Widescreen UltraSharp 3007WFP</field>
  <field name="manu">Dell, Inc.</field>
  <!-- Join -->
  <field name="manu_id_s">dell</field>
  <field name="cat">electronics and computer1</field>
  <field name="features">30" TFT active matrix LCD, 2560 x 1600, .25mm dot pitch, 700:1 contrast</field>
  <field name="includes">USB cable</field>
  <field name="weight">401.6</field>
  <field name="price">2199</field>
  <field name="popularity">6</field>
  <field name="inStock">true</field>
  <!-- Buffalo store -->
  <field name="store">43.17614,-90.57341</field>
</doc></add>

